[{"directory":"Capital Reports","content":[{"report":"CA - Allowance For Impairment: Capital Treatment","link":"http://cognos.blackicepda.com/ibmcognos/cgi-bin/cognosisapi.dll?b_action=cognosViewer&ui.action=run&ui.object=%2fcontent%2ffolder%5b%40name%3d%27ERA%27%5d%2ffolder%5b%40name%3d%27Capital%20Reports%27%5d%2freport%5b%40name%3d%27CA%20-%20Allowance%20For%20Impairment%3a%20Capital%20Treatment%27%5d&ui.name=CA%20-%20Allowance%20For%20Impairment%3a%20Capital%20Treatment&run.outputFormat=&run.prompt=true&ui.backURL=%2fibmcognos%2fcgi-bin%2fcognosisapi.dll%3fb_action%3dxts.run%26m%3dportal%2fcc.xts%26m_folder%3diD6D11EAC27A54BFCBCEB48D196D0BF14","modified":"January 12, 2015 5:52:41 PM"},{"report":"CA - Balance Sheet Coverage by Risk Type & Reconciliation to Consolidated B/S","link":"http://cognos.blackicepda.com/ibmcognos/cgi-bin/cognosisapi.dll?b_action=cognosViewer&ui.action=run&ui.object=%2fcontent%2ffolder%5b%40name%3d%27ERA%27%5d%2ffolder%5b%40name%3d%27Capital%20Reports%27%5d%2freport%5b%40name%3d%27CA%20-%20Balance%20Sheet%20Coverage%20by%20Risk%20Type%20%26%20Reconciliation%20to%20Consolidated%20B%2fS%27%5d&ui.name=CA%20-%20Balance%20Sheet%20Coverage%20by%20Risk%20Type%20%26%20Reconciliation%20to%20Consolidated%20B%2fS&run.outputFormat=&run.prompt=true&ui.backURL=%2fibmcognos%2fcgi-bin%2fcognosisapi.dll%3fb_action%3dxts.run%26m%3dportal%2fcc.xts%26m_folder%3diD6D11EAC27A54BFCBCEB48D196D0BF14","modified":"January 12, 2015 5:54:54 PM"},{"report":"CA - Banking Book Equity","link":"http://cognos.blackicepda.com/ibmcognos/cgi-bin/cognosisapi.dll?b_action=cognosViewer&ui.action=run&ui.object=%2fcontent%2ffolder%5b%40name%3d%27ERA%27%5d%2ffolder%5b%40name%3d%27Capital%20Reports%27%5d%2freport%5b%40name%3d%27CA%20-%20Banking%20Book%20Equity%27%5d&ui.name=CA%20-%20Banking%20Book%20Equity&run.outputFormat=&run.prompt=true&ui.backURL=%2fibmcognos%2fcgi-bin%2fcognosisapi.dll%3fb_action%3dxts.run%26m%3dportal%2fcc.xts%26m_folder%3diD6D11EAC27A54BFCBCEB48D196D0BF14","modified":"January 12, 2015 5:55:57 PM"},{"report":"CA - Banking Book Securitization Exposures","link":"http://cognos.blackicepda.com/ibmcognos/cgi-bin/cognosisapi.dll?b_action=cognosViewer&ui.action=run&ui.object=%2fcontent%2ffolder%5b%40name%3d%27ERA%27%5d%2ffolder%5b%40name%3d%27Capital%20Reports%27%5d%2freport%5b%40name%3d%27CA%20-%20Banking%20Book%20Securitization%20Exposures%27%5d&ui.name=CA%20-%20Banking%20Book%20Securitization%20Exposures&run.outputFormat=&run.prompt=true&ui.backURL=%2fibmcognos%2fcgi-bin%2fcognosisapi.dll%3fb_action%3dxts.run%26m%3dportal%2fcc.xts%26m_folder%3diD6D11EAC27A54BFCBCEB48D196D0BF14","modified":"January 13, 2015 6:40:07 AM"},{"report":"CA - Capital Elements","link":"http://cognos.blackicepda.com/ibmcognos/cgi-bin/cognosisapi.dll?b_action=cognosViewer&ui.action=run&ui.object=%2fcontent%2ffolder%5b%40name%3d%27ERA%27%5d%2ffolder%5b%40name%3d%27Capital%20Reports%27%5d%2freport%5b%40name%3d%27CA%20-%20Capital%20Elements%27%5d&ui.name=CA%20-%20Capital%20Elements&run.outputFormat=&run.prompt=true&ui.backURL=%2fibmcognos%2fcgi-bin%2fcognosisapi.dll%3fb_action%3dxts.run%26m%3dportal%2fcc.xts%26m_folder%3diD6D11EAC27A54BFCBCEB48D196D0BF14","modified":"January 12, 2015 5:57:00 PM"},{"report":"CA - Derivatives Contracts","link":"http://cognos.blackicepda.com/ibmcognos/cgi-bin/cognosisapi.dll?b_action=cognosViewer&ui.action=run&ui.object=%2fcontent%2ffolder%5b%40name%3d%27ERA%27%5d%2ffolder%5b%40name%3d%27Capital%20Reports%27%5d%2freport%5b%40name%3d%27CA%20-%20Derivatives%20Contracts%27%5d&ui.name=CA%20-%20Derivatives%20Contracts&run.outputFormat=&run.prompt=true&ui.backURL=%2fibmcognos%2fcgi-bin%2fcognosisapi.dll%3fb_action%3dxts.run%26m%3dportal%2fcc.xts%26m_folder%3diD6D11EAC27A54BFCBCEB48D196D0BF14","modified":"January 12, 2015 5:58:10 PM"},{"report":"CA - Equity Credit RWA - IRB Approach","link":"http://cognos.blackicepda.com/ibmcognos/cgi-bin/cognosisapi.dll?b_action=cognosViewer&ui.action=run&ui.object=%2fcontent%2ffolder%5b%40name%3d%27ERA%27%5d%2ffolder%5b%40name%3d%27Capital%20Reports%27%5d%2freport%5b%40name%3d%27CA%20-%20Equity%20Credit%20RWA%20-%20IRB%20Approach%27%5d&ui.name=CA%20-%20Equity%20Credit%20RWA%20-%20IRB%20Approach&run.outputFormat=&run.prompt=true&ui.backURL=%2fibmcognos%2fcgi-bin%2fcognosisapi.dll%3fb_action%3dxts.run%26m%3dportal%2fcc.xts%26m_folder%3diD6D11EAC27A54BFCBCEB48D196D0BF14","modified":"January 13, 2015 9:11:58 AM"},{"report":"CA - Off balance sheet exposures","link":"http://cognos.blackicepda.com/ibmcognos/cgi-bin/cognosisapi.dll?b_action=cognosViewer&ui.action=run&ui.object=%2fcontent%2ffolder%5b%40name%3d%27ERA%27%5d%2ffolder%5b%40name%3d%27Capital%20Reports%27%5d%2freport%5b%40name%3d%27CA%20-%20Off%20balance%20sheet%20exposures%27%5d&ui.name=CA%20-%20Off%20balance%20sheet%20exposures&run.outputFormat=&run.prompt=true&ui.backURL=%2fibmcognos%2fcgi-bin%2fcognosisapi.dll%3fb_action%3dxts.run%26m%3dportal%2fcc.xts%26m_folder%3diD6D11EAC27A54BFCBCEB48D196D0BF14","modified":"January 12, 2015 5:59:08 PM"},{"report":"CA - Off balance sheet exposures Excl Derivatives & Securitization","link":"http://cognos.blackicepda.com/ibmcognos/cgi-bin/cognosisapi.dll?b_action=cognosViewer&ui.action=run&ui.object=%2fcontent%2ffolder%5b%40name%3d%27ERA%27%5d%2ffolder%5b%40name%3d%27Capital%20Reports%27%5d%2freport%5b%40name%3d%27CA%20-%20Off%20balance%20sheet%20exposures%20Excl%20Derivatives%20%26%20Securitization%27%5d&ui.name=CA%20-%20Off%20balance%20sheet%20exposures%20Excl%20Derivatives%20%26%20Securitization&run.outputFormat=&run.prompt=true&ui.backURL=%2fibmcognos%2fcgi-bin%2fcognosisapi.dll%3fb_action%3dxts.run%26m%3dportal%2fcc.xts%26m_folder%3diD6D11EAC27A54BFCBCEB48D196D0BF14","modified":"January 13, 2015 5:37:09 AM"},{"report":"CA - PD LGD Approach for IRB Equity","link":"http://cognos.blackicepda.com/ibmcognos/cgi-bin/cognosisapi.dll?b_action=cognosViewer&ui.action=run&ui.object=%2fcontent%2ffolder%5b%40name%3d%27ERA%27%5d%2ffolder%5b%40name%3d%27Capital%20Reports%27%5d%2freport%5b%40name%3d%27CA%20-%20PD%20LGD%20Approach%20for%20IRB%20Equity%27%5d&ui.name=CA%20-%20PD%20LGD%20Approach%20for%20IRB%20Equity&run.outputFormat=&run.prompt=true&ui.backURL=%2fibmcognos%2fcgi-bin%2fcognosisapi.dll%3fb_action%3dxts.run%26m%3dportal%2fcc.xts%26m_folder%3diD6D11EAC27A54BFCBCEB48D196D0BF14","modified":"January 12, 2015 6:00:09 PM"},{"report":"CA - Ratio Assets To Capital Multiple Calculation","link":"http://cognos.blackicepda.com/ibmcognos/cgi-bin/cognosisapi.dll?b_action=cognosViewer&ui.action=run&ui.object=%2fcontent%2ffolder%5b%40name%3d%27ERA%27%5d%2ffolder%5b%40name%3d%27Capital%20Reports%27%5d%2freport%5b%40name%3d%27CA%20-%20Ratio%20Assets%20To%20Capital%20Multiple%20Calculation%27%5d&ui.name=CA%20-%20Ratio%20Assets%20To%20Capital%20Multiple%20Calculation&run.outputFormat=&run.prompt=true&ui.backURL=%2fibmcognos%2fcgi-bin%2fcognosisapi.dll%3fb_action%3dxts.run%26m%3dportal%2fcc.xts%26m_folder%3diD6D11EAC27A54BFCBCEB48D196D0BF14","modified":"January 12, 2015 6:01:58 PM"},{"report":"CA - Securitization Exposures","link":"http://cognos.blackicepda.com/ibmcognos/cgi-bin/cognosisapi.dll?b_action=cognosViewer&ui.action=run&ui.object=%2fcontent%2ffolder%5b%40name%3d%27ERA%27%5d%2ffolder%5b%40name%3d%27Capital%20Reports%27%5d%2freport%5b%40name%3d%27CA%20-%20Securitization%20Exposures%27%5d&ui.name=CA%20-%20Securitization%20Exposures&run.outputFormat=&run.prompt=true&ui.backURL=%2fibmcognos%2fcgi-bin%2fcognosisapi.dll%3fb_action%3dxts.run%26m%3dportal%2fcc.xts%26m_folder%3diD6D11EAC27A54BFCBCEB48D196D0BF14","modified":"January 12, 2015 6:03:05 PM"},{"report":"CA - Securitization IRB","link":"http://cognos.blackicepda.com/ibmcognos/cgi-bin/cognosisapi.dll?b_action=cognosViewer&ui.action=run&ui.object=%2fcontent%2ffolder%5b%40name%3d%27ERA%27%5d%2ffolder%5b%40name%3d%27Capital%20Reports%27%5d%2freport%5b%40name%3d%27CA%20-%20Securitization%20IRB%27%5d&ui.name=CA%20-%20Securitization%20IRB&run.outputFormat=&run.prompt=true&ui.backURL=%2fibmcognos%2fcgi-bin%2fcognosisapi.dll%3fb_action%3dxts.run%26m%3dportal%2fcc.xts%26m_folder%3diD6D11EAC27A54BFCBCEB48D196D0BF14","modified":"January 12, 2015 6:04:33 PM"},{"report":"CA - Securitization Standardized","link":"http://cognos.blackicepda.com/ibmcognos/cgi-bin/cognosisapi.dll?b_action=cognosViewer&ui.action=run&ui.object=%2fcontent%2ffolder%5b%40name%3d%27ERA%27%5d%2ffolder%5b%40name%3d%27Capital%20Reports%27%5d%2freport%5b%40name%3d%27CA%20-%20Securitization%20Standardized%27%5d&ui.name=CA%20-%20Securitization%20Standardized&run.outputFormat=&run.prompt=true&ui.backURL=%2fibmcognos%2fcgi-bin%2fcognosisapi.dll%3fb_action%3dxts.run%26m%3dportal%2fcc.xts%26m_folder%3diD6D11EAC27A54BFCBCEB48D196D0BF14","modified":"January 12, 2015 6:05:34 PM"},{"report":"CA - Summary of Risk-Weighted Assets","link":"http://cognos.blackicepda.com/ibmcognos/cgi-bin/cognosisapi.dll?b_action=cognosViewer&ui.action=run&ui.object=%2fcontent%2ffolder%5b%40name%3d%27ERA%27%5d%2ffolder%5b%40name%3d%27Capital%20Reports%27%5d%2freport%5b%40name%3d%27CA%20-%20Summary%20of%20Risk-Weighted%20Assets%27%5d&ui.name=CA%20-%20Summary%20of%20Risk-Weighted%20Assets&run.outputFormat=&run.prompt=true&ui.backURL=%2fibmcognos%2fcgi-bin%2fcognosisapi.dll%3fb_action%3dxts.run%26m%3dportal%2fcc.xts%26m_folder%3diD6D11EAC27A54BFCBCEB48D196D0BF14","modified":"January 13, 2015 7:29:51 AM"}]},{"directory":"Market Risk","content":[{"directory":"Management","content":[{"report":"MM - VaR - Consolidated Trading Hierarchy","link":"http://cognos.blackicepda.com/ibmcognos/cgi-bin/cognosisapi.dll?b_action=cognosViewer&ui.action=run&ui.object=%2fcontent%2ffolder%5b%40name%3d%27ERA%27%5d%2ffolder%5b%40name%3d%27Market%20Risk%27%5d%2ffolder%5b%40name%3d%27Management%27%5d%2freport%5b%40name%3d%27MM%20-%20VaR%20-%20Consolidated%20Trading%20Hierarchy%27%5d&ui.name=MM%20-%20VaR%20-%20Consolidated%20Trading%20Hierarchy&run.outputFormat=&run.prompt=true&ui.backURL=%2fibmcognos%2fcgi-bin%2fcognosisapi.dll%3fb_action%3dxts.run%26m%3dportal%2fcc.xts%26m_folder%3di6C4965B399514B9D87B4614FB327991D","modified":"December 4, 2014 11:40:50 AM"},{"report":"MM - VaR - Consolidated Trading Hierarchy - Global Derivatives","link":"http://cognos.blackicepda.com/ibmcognos/cgi-bin/cognosisapi.dll?b_action=cognosViewer&ui.action=run&ui.object=%2fcontent%2ffolder%5b%40name%3d%27ERA%27%5d%2ffolder%5b%40name%3d%27Market%20Risk%27%5d%2ffolder%5b%40name%3d%27Management%27%5d%2freport%5b%40name%3d%27MM%20-%20VaR%20-%20Consolidated%20Trading%20Hierarchy%20-%20Global%20Derivatives%27%5d&ui.name=MM%20-%20VaR%20-%20Consolidated%20Trading%20Hierarchy%20-%20Global%20Derivatives&run.outputFormat=&run.prompt=true&ui.backURL=%2fibmcognos%2fcgi-bin%2fcognosisapi.dll%3fb_action%3dxts.run%26m%3dportal%2fcc.xts%26m_folder%3di6C4965B399514B9D87B4614FB327991D","modified":"April 18, 2014 11:48:21 PM"}]},{"directory":"Regulatory","content":[{"report":"MR - Minimum Capital Required for Market Risk","link":"http://cognos.blackicepda.com/ibmcognos/cgi-bin/cognosisapi.dll?b_action=cognosViewer&ui.action=run&ui.object=%2fcontent%2ffolder%5b%40name%3d%27ERA%27%5d%2ffolder%5b%40name%3d%27Market%20Risk%27%5d%2ffolder%5b%40name%3d%27Regulatory%27%5d%2freport%5b%40name%3d%27MR%20-%20Minimum%20Capital%20Required%20for%20Market%20Risk%27%5d&ui.name=MR%20-%20Minimum%20Capital%20Required%20for%20Market%20Risk&run.outputFormat=&run.prompt=true&ui.backURL=%2fibmcognos%2fcgi-bin%2fcognosisapi.dll%3fb_action%3dxts.run%26m%3dportal%2fcc.xts%26m_folder%3di5516D33017F444ABB62B85473AFD6B79","modified":"January 12, 2015 4:50:06 PM"}]}]},{"directory":"Operational Risk","content":[{"directory":"Management","content":[{"report":"OM - Operational Risk Losses","link":"http://cognos.blackicepda.com/ibmcognos/cgi-bin/cognosisapi.dll?b_action=cognosViewer&ui.action=run&ui.object=%2fcontent%2ffolder%5b%40name%3d%27ERA%27%5d%2ffolder%5b%40name%3d%27Operational%20Risk%27%5d%2ffolder%5b%40name%3d%27Management%27%5d%2freport%5b%40name%3d%27OM%20-%20Operational%20Risk%20Losses%27%5d&ui.name=OM%20-%20Operational%20Risk%20Losses&run.outputFormat=&run.prompt=true&ui.backURL=%2fibmcognos%2fcgi-bin%2fcognosisapi.dll%3fb_action%3dxts.run%26m%3dportal%2fcc.xts%26m_folder%3diE0FECD3B05D3459EBDAC94D74904E362","modified":"April 4, 2014 2:03:30 AM"}]},{"directory":"Regulatory","content":[{"report":"OR - Minimum Capital Required for Operational Risk","link":"http://cognos.blackicepda.com/ibmcognos/cgi-bin/cognosisapi.dll?b_action=cognosViewer&ui.action=run&ui.object=%2fcontent%2ffolder%5b%40name%3d%27ERA%27%5d%2ffolder%5b%40name%3d%27Operational%20Risk%27%5d%2ffolder%5b%40name%3d%27Regulatory%27%5d%2freport%5b%40name%3d%27OR%20-%20Minimum%20Capital%20Required%20for%20Operational%20Risk%27%5d&ui.name=OR%20-%20Minimum%20Capital%20Required%20for%20Operational%20Risk&run.outputFormat=&run.prompt=true&ui.backURL=%2fibmcognos%2fcgi-bin%2fcognosisapi.dll%3fb_action%3dxts.run%26m%3dportal%2fcc.xts%26m_folder%3diE420454B6E5140F1AE7DEC479ABFCF12","modified":"January 12, 2015 4:51:08 PM"}]}]},{"directory":"Retail Credit Risk","content":[{"directory":"Management","content":[{"report":"RM - Retail Accounts Attrition","link":"http://cognos.blackicepda.com/ibmcognos/cgi-bin/cognosisapi.dll?b_action=cognosViewer&ui.action=run&ui.object=%2fcontent%2ffolder%5b%40name%3d%27ERA%27%5d%2ffolder%5b%40name%3d%27Retail%20Credit%20Risk%27%5d%2ffolder%5b%40name%3d%27Management%27%5d%2freport%5b%40name%3d%27RM%20-%20Retail%20Accounts%20Attrition%27%5d&ui.name=RM%20-%20Retail%20Accounts%20Attrition&run.outputFormat=&run.prompt=true&ui.backURL=%2fibmcognos%2fcgi-bin%2fcognosisapi.dll%3fb_action%3dxts.run%26m%3dportal%2fcc.xts%26m_folder%3di98F3A28F12A1426688EAA31D8167CCE5","modified":"December 20, 2014 3:50:06 PM"},{"report":"RM - Retail Application Risk Grade Against PD Grade","link":"http://cognos.blackicepda.com/ibmcognos/cgi-bin/cognosisapi.dll?b_action=cognosViewer&ui.action=run&ui.object=%2fcontent%2ffolder%5b%40name%3d%27ERA%27%5d%2ffolder%5b%40name%3d%27Retail%20Credit%20Risk%27%5d%2ffolder%5b%40name%3d%27Management%27%5d%2freport%5b%40name%3d%27RM%20-%20Retail%20Application%20Risk%20Grade%20Against%20PD%20Grade%27%5d&ui.name=RM%20-%20Retail%20Application%20Risk%20Grade%20Against%20PD%20Grade&run.outputFormat=&run.prompt=true&ui.backURL=%2fibmcognos%2fcgi-bin%2fcognosisapi.dll%3fb_action%3dxts.run%26m%3dportal%2fcc.xts%26m_folder%3di98F3A28F12A1426688EAA31D8167CCE5","modified":"December 20, 2014 3:50:45 PM"},{"report":"RM - Retail Applications Processed Data","link":"http://cognos.blackicepda.com/ibmcognos/cgi-bin/cognosisapi.dll?b_action=cognosViewer&ui.action=run&ui.object=%2fcontent%2ffolder%5b%40name%3d%27ERA%27%5d%2ffolder%5b%40name%3d%27Retail%20Credit%20Risk%27%5d%2ffolder%5b%40name%3d%27Management%27%5d%2freport%5b%40name%3d%27RM%20-%20Retail%20Applications%20Processed%20Data%27%5d&ui.name=RM%20-%20Retail%20Applications%20Processed%20Data&run.outputFormat=&run.prompt=true&ui.backURL=%2fibmcognos%2fcgi-bin%2fcognosisapi.dll%3fb_action%3dxts.run%26m%3dportal%2fcc.xts%26m_folder%3di98F3A28F12A1426688EAA31D8167CCE5","modified":"December 20, 2014 3:51:17 PM"},{"report":"RM - Retail Asset Quality by Geography","link":"http://cognos.blackicepda.com/ibmcognos/cgi-bin/cognosisapi.dll?b_action=cognosViewer&ui.action=run&ui.object=%2fcontent%2ffolder%5b%40name%3d%27ERA%27%5d%2ffolder%5b%40name%3d%27Retail%20Credit%20Risk%27%5d%2ffolder%5b%40name%3d%27Management%27%5d%2freport%5b%40name%3d%27RM%20-%20Retail%20Asset%20Quality%20by%20Geography%27%5d&ui.name=RM%20-%20Retail%20Asset%20Quality%20by%20Geography&run.outputFormat=&run.prompt=true&ui.backURL=%2fibmcognos%2fcgi-bin%2fcognosisapi.dll%3fb_action%3dxts.run%26m%3dportal%2fcc.xts%26m_folder%3di98F3A28F12A1426688EAA31D8167CCE5","modified":"December 20, 2014 3:51:58 PM"},{"report":"RM - Retail Coincident Indicators - Aging","link":"http://cognos.blackicepda.com/ibmcognos/cgi-bin/cognosisapi.dll?b_action=cognosViewer&ui.action=run&ui.object=%2fcontent%2ffolder%5b%40name%3d%27ERA%27%5d%2ffolder%5b%40name%3d%27Retail%20Credit%20Risk%27%5d%2ffolder%5b%40name%3d%27Management%27%5d%2freport%5b%40name%3d%27RM%20-%20Retail%20Coincident%20Indicators%20-%20Aging%27%5d&ui.name=RM%20-%20Retail%20Coincident%20Indicators%20-%20Aging&run.outputFormat=&run.prompt=true&ui.backURL=%2fibmcognos%2fcgi-bin%2fcognosisapi.dll%3fb_action%3dxts.run%26m%3dportal%2fcc.xts%26m_folder%3di98F3A28F12A1426688EAA31D8167CCE5","modified":"December 21, 2014 5:55:54 AM"},{"report":"RM - Retail Credit Card Aging for Charge Off Accounts (Cumulative)","link":"http://cognos.blackicepda.com/ibmcognos/cgi-bin/cognosisapi.dll?b_action=cognosViewer&ui.action=run&ui.object=%2fcontent%2ffolder%5b%40name%3d%27ERA%27%5d%2ffolder%5b%40name%3d%27Retail%20Credit%20Risk%27%5d%2ffolder%5b%40name%3d%27Management%27%5d%2freport%5b%40name%3d%27RM%20-%20Retail%20Credit%20Card%20Aging%20for%20Charge%20Off%20Accounts%20(Cumulative)%27%5d&ui.name=RM%20-%20Retail%20Credit%20Card%20Aging%20for%20Charge%20Off%20Accounts%20(Cumulative)&run.outputFormat=&run.prompt=true&ui.backURL=%2fibmcognos%2fcgi-bin%2fcognosisapi.dll%3fb_action%3dxts.run%26m%3dportal%2fcc.xts%26m_folder%3di98F3A28F12A1426688EAA31D8167CCE5","modified":"December 20, 2014 4:00:48 PM"},{"report":"RM - Retail Credit Card NPL Aging (Cumulative)","link":"http://cognos.blackicepda.com/ibmcognos/cgi-bin/cognosisapi.dll?b_action=cognosViewer&ui.action=run&ui.object=%2fcontent%2ffolder%5b%40name%3d%27ERA%27%5d%2ffolder%5b%40name%3d%27Retail%20Credit%20Risk%27%5d%2ffolder%5b%40name%3d%27Management%27%5d%2freport%5b%40name%3d%27RM%20-%20Retail%20Credit%20Card%20NPL%20Aging%20(Cumulative)%27%5d&ui.name=RM%20-%20Retail%20Credit%20Card%20NPL%20Aging%20(Cumulative)&run.outputFormat=&run.prompt=true&ui.backURL=%2fibmcognos%2fcgi-bin%2fcognosisapi.dll%3fb_action%3dxts.run%26m%3dportal%2fcc.xts%26m_folder%3di98F3A28F12A1426688EAA31D8167CCE5","modified":"December 20, 2014 4:03:26 PM"},{"report":"RM - Retail Customer Data on Consumer Loan Portfolio","link":"http://cognos.blackicepda.com/ibmcognos/cgi-bin/cognosisapi.dll?b_action=cognosViewer&ui.action=run&ui.object=%2fcontent%2ffolder%5b%40name%3d%27ERA%27%5d%2ffolder%5b%40name%3d%27Retail%20Credit%20Risk%27%5d%2ffolder%5b%40name%3d%27Management%27%5d%2freport%5b%40name%3d%27RM%20-%20Retail%20Customer%20Data%20on%20Consumer%20Loan%20Portfolio%27%5d&ui.name=RM%20-%20Retail%20Customer%20Data%20on%20Consumer%20Loan%20Portfolio&run.outputFormat=&run.prompt=true&ui.backURL=%2fibmcognos%2fcgi-bin%2fcognosisapi.dll%3fb_action%3dxts.run%26m%3dportal%2fcc.xts%26m_folder%3di98F3A28F12A1426688EAA31D8167CCE5","modified":"December 20, 2014 4:08:55 PM"},{"report":"RM - Retail Data on Consumer Loans Portfolio","link":"http://cognos.blackicepda.com/ibmcognos/cgi-bin/cognosisapi.dll?b_action=cognosViewer&ui.action=run&ui.object=%2fcontent%2ffolder%5b%40name%3d%27ERA%27%5d%2ffolder%5b%40name%3d%27Retail%20Credit%20Risk%27%5d%2ffolder%5b%40name%3d%27Management%27%5d%2freport%5b%40name%3d%27RM%20-%20Retail%20Data%20on%20Consumer%20Loans%20Portfolio%27%5d&ui.name=RM%20-%20Retail%20Data%20on%20Consumer%20Loans%20Portfolio&run.outputFormat=&run.prompt=true&ui.backURL=%2fibmcognos%2fcgi-bin%2fcognosisapi.dll%3fb_action%3dxts.run%26m%3dportal%2fcc.xts%26m_folder%3di98F3A28F12A1426688EAA31D8167CCE5","modified":"December 20, 2014 4:18:06 PM"},{"report":"RM - Retail DPD Bucket Migration","link":"http://cognos.blackicepda.com/ibmcognos/cgi-bin/cognosisapi.dll?b_action=cognosViewer&ui.action=run&ui.object=%2fcontent%2ffolder%5b%40name%3d%27ERA%27%5d%2ffolder%5b%40name%3d%27Retail%20Credit%20Risk%27%5d%2ffolder%5b%40name%3d%27Management%27%5d%2freport%5b%40name%3d%27RM%20-%20Retail%20DPD%20Bucket%20Migration%27%5d&ui.name=RM%20-%20Retail%20DPD%20Bucket%20Migration&run.outputFormat=&run.prompt=true&ui.backURL=%2fibmcognos%2fcgi-bin%2fcognosisapi.dll%3fb_action%3dxts.run%26m%3dportal%2fcc.xts%26m_folder%3di98F3A28F12A1426688EAA31D8167CCE5","modified":"December 21, 2014 4:20:07 AM"},{"report":"RM - Retail Month on Book Analysis","link":"http://cognos.blackicepda.com/ibmcognos/cgi-bin/cognosisapi.dll?b_action=cognosViewer&ui.action=run&ui.object=%2fcontent%2ffolder%5b%40name%3d%27ERA%27%5d%2ffolder%5b%40name%3d%27Retail%20Credit%20Risk%27%5d%2ffolder%5b%40name%3d%27Management%27%5d%2freport%5b%40name%3d%27RM%20-%20Retail%20Month%20on%20Book%20Analysis%27%5d&ui.name=RM%20-%20Retail%20Month%20on%20Book%20Analysis&run.outputFormat=&run.prompt=true&ui.backURL=%2fibmcognos%2fcgi-bin%2fcognosisapi.dll%3fb_action%3dxts.run%26m%3dportal%2fcc.xts%26m_folder%3di98F3A28F12A1426688EAA31D8167CCE5","modified":"December 20, 2014 4:19:32 PM"},{"report":"RM - Retail Newly Approved Consumer Loans","link":"http://cognos.blackicepda.com/ibmcognos/cgi-bin/cognosisapi.dll?b_action=cognosViewer&ui.action=run&ui.object=%2fcontent%2ffolder%5b%40name%3d%27ERA%27%5d%2ffolder%5b%40name%3d%27Retail%20Credit%20Risk%27%5d%2ffolder%5b%40name%3d%27Management%27%5d%2freport%5b%40name%3d%27RM%20-%20Retail%20Newly%20Approved%20Consumer%20Loans%27%5d&ui.name=RM%20-%20Retail%20Newly%20Approved%20Consumer%20Loans&run.outputFormat=&run.prompt=true&ui.backURL=%2fibmcognos%2fcgi-bin%2fcognosisapi.dll%3fb_action%3dxts.run%26m%3dportal%2fcc.xts%26m_folder%3di98F3A28F12A1426688EAA31D8167CCE5","modified":"December 20, 2014 4:20:49 PM"},{"report":"RM - Retail NPL Movement","link":"http://cognos.blackicepda.com/ibmcognos/cgi-bin/cognosisapi.dll?b_action=cognosViewer&ui.action=run&ui.object=%2fcontent%2ffolder%5b%40name%3d%27ERA%27%5d%2ffolder%5b%40name%3d%27Retail%20Credit%20Risk%27%5d%2ffolder%5b%40name%3d%27Management%27%5d%2freport%5b%40name%3d%27RM%20-%20Retail%20NPL%20Movement%27%5d&ui.name=RM%20-%20Retail%20NPL%20Movement&run.outputFormat=&run.prompt=true&ui.backURL=%2fibmcognos%2fcgi-bin%2fcognosisapi.dll%3fb_action%3dxts.run%26m%3dportal%2fcc.xts%26m_folder%3di98F3A28F12A1426688EAA31D8167CCE5","modified":"December 20, 2014 4:23:11 PM"},{"report":"RM - Retail Overdue Credit Applications not Reviewed/Renewed","link":"http://cognos.blackicepda.com/ibmcognos/cgi-bin/cognosisapi.dll?b_action=cognosViewer&ui.action=run&ui.object=%2fcontent%2ffolder%5b%40name%3d%27ERA%27%5d%2ffolder%5b%40name%3d%27Retail%20Credit%20Risk%27%5d%2ffolder%5b%40name%3d%27Management%27%5d%2freport%5b%40name%3d%27RM%20-%20Retail%20Overdue%20Credit%20Applications%20not%20Reviewed%2fRenewed%27%5d&ui.name=RM%20-%20Retail%20Overdue%20Credit%20Applications%20not%20Reviewed%2fRenewed&run.outputFormat=&run.prompt=true&ui.backURL=%2fibmcognos%2fcgi-bin%2fcognosisapi.dll%3fb_action%3dxts.run%26m%3dportal%2fcc.xts%26m_folder%3di98F3A28F12A1426688EAA31D8167CCE5","modified":"December 20, 2014 4:27:42 PM"},{"report":"RM - Retail PD Grade by Geography","link":"http://cognos.blackicepda.com/ibmcognos/cgi-bin/cognosisapi.dll?b_action=cognosViewer&ui.action=run&ui.object=%2fcontent%2ffolder%5b%40name%3d%27ERA%27%5d%2ffolder%5b%40name%3d%27Retail%20Credit%20Risk%27%5d%2ffolder%5b%40name%3d%27Management%27%5d%2freport%5b%40name%3d%27RM%20-%20Retail%20PD%20Grade%20by%20Geography%27%5d&ui.name=RM%20-%20Retail%20PD%20Grade%20by%20Geography&run.outputFormat=&run.prompt=true&ui.backURL=%2fibmcognos%2fcgi-bin%2fcognosisapi.dll%3fb_action%3dxts.run%26m%3dportal%2fcc.xts%26m_folder%3di98F3A28F12A1426688EAA31D8167CCE5%26m_section%3d16%26m_pg_e%3d1","modified":"December 20, 2014 4:29:16 PM"},{"report":"RM - Retail PD Migration","link":"http://cognos.blackicepda.com/ibmcognos/cgi-bin/cognosisapi.dll?b_action=cognosViewer&ui.action=run&ui.object=%2fcontent%2ffolder%5b%40name%3d%27ERA%27%5d%2ffolder%5b%40name%3d%27Retail%20Credit%20Risk%27%5d%2ffolder%5b%40name%3d%27Management%27%5d%2freport%5b%40name%3d%27RM%20-%20Retail%20PD%20Migration%27%5d&ui.name=RM%20-%20Retail%20PD%20Migration&run.outputFormat=&run.prompt=true&ui.backURL=%2fibmcognos%2fcgi-bin%2fcognosisapi.dll%3fb_action%3dxts.run%26m%3dportal%2fcc.xts%26m_folder%3di98F3A28F12A1426688EAA31D8167CCE5%26m_section%3d16%26m_pg_e%3d1","modified":"December 20, 2014 4:32:08 PM"},{"report":"RM - Retail Performance of Override Accounts","link":"http://cognos.blackicepda.com/ibmcognos/cgi-bin/cognosisapi.dll?b_action=cognosViewer&ui.action=run&ui.object=%2fcontent%2ffolder%5b%40name%3d%27ERA%27%5d%2ffolder%5b%40name%3d%27Retail%20Credit%20Risk%27%5d%2ffolder%5b%40name%3d%27Management%27%5d%2freport%5b%40name%3d%27RM%20-%20Retail%20Performance%20of%20Override%20Accounts%27%5d&ui.name=RM%20-%20Retail%20Performance%20of%20Override%20Accounts&run.outputFormat=&run.prompt=true&ui.backURL=%2fibmcognos%2fcgi-bin%2fcognosisapi.dll%3fb_action%3dxts.run%26m%3dportal%2fcc.xts%26m_folder%3di98F3A28F12A1426688EAA31D8167CCE5%26m_section%3d16%26m_pg_e%3d1","modified":"December 20, 2014 4:47:09 PM"},{"report":"RM - Retail Profitability by PD Grade","link":"http://cognos.blackicepda.com/ibmcognos/cgi-bin/cognosisapi.dll?b_action=cognosViewer&ui.action=run&ui.object=%2fcontent%2ffolder%5b%40name%3d%27ERA%27%5d%2ffolder%5b%40name%3d%27Retail%20Credit%20Risk%27%5d%2ffolder%5b%40name%3d%27Management%27%5d%2freport%5b%40name%3d%27RM%20-%20Retail%20Profitability%20by%20PD%20Grade%27%5d&ui.name=RM%20-%20Retail%20Profitability%20by%20PD%20Grade&run.outputFormat=&run.prompt=true&ui.backURL=%2fibmcognos%2fcgi-bin%2fcognosisapi.dll%3fb_action%3dxts.run%26m%3dportal%2fcc.xts%26m_folder%3di98F3A28F12A1426688EAA31D8167CCE5%26m_section%3d16%26m_pg_e%3d1","modified":"December 20, 2014 4:52:32 PM"},{"report":"RM - Retail Profitability by Portfolio","link":"http://cognos.blackicepda.com/ibmcognos/cgi-bin/cognosisapi.dll?b_action=cognosViewer&ui.action=run&ui.object=%2fcontent%2ffolder%5b%40name%3d%27ERA%27%5d%2ffolder%5b%40name%3d%27Retail%20Credit%20Risk%27%5d%2ffolder%5b%40name%3d%27Management%27%5d%2freport%5b%40name%3d%27RM%20-%20Retail%20Profitability%20by%20Portfolio%27%5d&ui.name=RM%20-%20Retail%20Profitability%20by%20Portfolio&run.outputFormat=&run.prompt=true&ui.backURL=%2fibmcognos%2fcgi-bin%2fcognosisapi.dll%3fb_action%3dxts.run%26m%3dportal%2fcc.xts%26m_folder%3di98F3A28F12A1426688EAA31D8167CCE5%26m_section%3d16%26m_pg_e%3d1","modified":"December 20, 2014 4:57:46 PM"},{"report":"RM - Retail RWA Tracking by Geography","link":"http://cognos.blackicepda.com/ibmcognos/cgi-bin/cognosisapi.dll?b_action=cognosViewer&ui.action=run&ui.object=%2fcontent%2ffolder%5b%40name%3d%27ERA%27%5d%2ffolder%5b%40name%3d%27Retail%20Credit%20Risk%27%5d%2ffolder%5b%40name%3d%27Management%27%5d%2freport%5b%40name%3d%27RM%20-%20Retail%20RWA%20Tracking%20by%20Geography%27%5d&ui.name=RM%20-%20Retail%20RWA%20Tracking%20by%20Geography&run.outputFormat=&run.prompt=true&ui.backURL=%2fibmcognos%2fcgi-bin%2fcognosisapi.dll%3fb_action%3dxts.run%26m%3dportal%2fcc.xts%26m_folder%3di98F3A28F12A1426688EAA31D8167CCE5%26m_section%3d16%26m_pg_e%3d1","modified":"December 20, 2014 4:58:36 PM"},{"report":"RM - Retail SME Loans Portfolio","link":"http://cognos.blackicepda.com/ibmcognos/cgi-bin/cognosisapi.dll?b_action=cognosViewer&ui.action=run&ui.object=%2fcontent%2ffolder%5b%40name%3d%27ERA%27%5d%2ffolder%5b%40name%3d%27Retail%20Credit%20Risk%27%5d%2ffolder%5b%40name%3d%27Management%27%5d%2freport%5b%40name%3d%27RM%20-%20Retail%20SME%20Loans%20Portfolio%27%5d&ui.name=RM%20-%20Retail%20SME%20Loans%20Portfolio&run.outputFormat=&run.prompt=true&ui.backURL=%2fibmcognos%2fcgi-bin%2fcognosisapi.dll%3fb_action%3dxts.run%26m%3dportal%2fcc.xts%26m_folder%3di98F3A28F12A1426688EAA31D8167CCE5%26m_section%3d16%26m_pg_e%3d1","modified":"December 20, 2014 4:59:58 PM"}]},{"directory":"Regulatory","content":[{"report":"RR - Credit Risk Weighted Assets - RES/HELOC/QRRE - IRB","link":"http://cognos.blackicepda.com/ibmcognos/cgi-bin/cognosisapi.dll?b_action=cognosViewer&ui.action=run&ui.object=%2fcontent%2ffolder%5b%40name%3d%27ERA%27%5d%2ffolder%5b%40name%3d%27Retail%20Credit%20Risk%27%5d%2ffolder%5b%40name%3d%27Regulatory%27%5d%2freport%5b%40name%3d%27RR%20-%20Credit%20Risk%20Weighted%20Assets%20-%20RES%2fHELOC%2fQRRE%20-%20IRB%27%5d&ui.name=RR%20-%20Credit%20Risk%20Weighted%20Assets%20-%20RES%2fHELOC%2fQRRE%20-%20IRB&run.outputFormat=&run.prompt=true&ui.backURL=%2fibmcognos%2fcgi-bin%2fcognosisapi.dll%3fb_action%3dxts.run%26m%3dportal%2fcc.xts%26m_folder%3di23C9647521124716A251E07F0949E36B","modified":"November 28, 2014 5:06:28 AM"},{"report":"RR - Credit Risk Weighted Assets - SME/ORET - IRB","link":"http://cognos.blackicepda.com/ibmcognos/cgi-bin/cognosisapi.dll?b_action=cognosViewer&ui.action=run&ui.object=%2fcontent%2ffolder%5b%40name%3d%27ERA%27%5d%2ffolder%5b%40name%3d%27Retail%20Credit%20Risk%27%5d%2ffolder%5b%40name%3d%27Regulatory%27%5d%2freport%5b%40name%3d%27RR%20-%20Credit%20Risk%20Weighted%20Assets%20-%20SME%2fORET%20-%20IRB%27%5d&ui.name=RR%20-%20Credit%20Risk%20Weighted%20Assets%20-%20SME%2fORET%20-%20IRB&run.outputFormat=&run.prompt=true&ui.backURL=%2fibmcognos%2fcgi-bin%2fcognosisapi.dll%3fb_action%3dxts.run%26m%3dportal%2fcc.xts%26m_folder%3di23C9647521124716A251E07F0949E36B","modified":"November 28, 2014 5:13:06 AM"},{"report":"RR - NCR Part 1","link":"http://cognos.blackicepda.com/ibmcognos/cgi-bin/cognosisapi.dll?b_action=cognosViewer&ui.action=run&ui.object=%2fcontent%2ffolder%5b%40name%3d%27ERA%27%5d%2ffolder%5b%40name%3d%27Retail%20Credit%20Risk%27%5d%2ffolder%5b%40name%3d%27Regulatory%27%5d%2freport%5b%40name%3d%27RR%20-%20NCR%20Part%201%27%5d&ui.name=RR%20-%20NCR%20Part%201&run.outputFormat=&run.prompt=true&ui.backURL=%2fibmcognos%2fcgi-bin%2fcognosisapi.dll%3fb_action%3dxts.run%26m%3dportal%2fcc.xts%26m_folder%3di23C9647521124716A251E07F0949E36B","modified":"November 28, 2014 5:20:55 AM"},{"report":"RR - Standardized - RES/SMERET/ORET/QRRE/HELOC","link":"http://cognos.blackicepda.com/ibmcognos/cgi-bin/cognosisapi.dll?b_action=cognosViewer&ui.action=run&ui.object=%2fcontent%2ffolder%5b%40name%3d%27ERA%27%5d%2ffolder%5b%40name%3d%27Retail%20Credit%20Risk%27%5d%2ffolder%5b%40name%3d%27Regulatory%27%5d%2freport%5b%40name%3d%27RR%20-%20Standardized%20-%20RES%2fSMERET%2fORET%2fQRRE%2fHELOC%27%5d&ui.name=RR%20-%20Standardized%20-%20RES%2fSMERET%2fORET%2fQRRE%2fHELOC&run.outputFormat=&run.prompt=true&ui.backURL=%2fibmcognos%2fcgi-bin%2fcognosisapi.dll%3fb_action%3dxts.run%26m%3dportal%2fcc.xts%26m_folder%3di23C9647521124716A251E07F0949E36B","modified":"January 14, 2015 3:29:36 PM"}]}]},{"directory":"Wholesale Credit Risk","content":[{"directory":"Management","content":[{"report":"WM - Concentration Risk Limit Excesses","link":"http://cognos.blackicepda.com/ibmcognos/cgi-bin/cognosisapi.dll?b_action=cognosViewer&ui.action=run&ui.object=%2fcontent%2ffolder%5b%40name%3d%27ERA%27%5d%2ffolder%5b%40name%3d%27Wholesale%20Credit%20Risk%27%5d%2ffolder%5b%40name%3d%27Management%27%5d%2freport%5b%40name%3d%27WM%20-%20Concentration%20Risk%20Limit%20Excesses%27%5d&ui.name=WM%20-%20Concentration%20Risk%20Limit%20Excesses&run.outputFormat=&run.prompt=true&ui.backURL=%2fibmcognos%2fcgi-bin%2fcognosisapi.dll%3fb_action%3dxts.run%26m%3dportal%2fcc.xts%26m_folder%3di9E54C3A906EB486892B88FD0108413E8","modified":"April 12, 2014 7:54:45 PM"},{"report":"WM - Customer Concentration - Non DD","link":"http://cognos.blackicepda.com/ibmcognos/cgi-bin/cognosisapi.dll?b_action=cognosViewer&ui.action=run&ui.object=%2fcontent%2ffolder%5b%40name%3d%27ERA%27%5d%2ffolder%5b%40name%3d%27Wholesale%20Credit%20Risk%27%5d%2ffolder%5b%40name%3d%27Management%27%5d%2freport%5b%40name%3d%27WM%20-%20Customer%20Concentration%20-%20Non%20DD%27%5d&ui.name=WM%20-%20Customer%20Concentration%20-%20Non%20DD&run.outputFormat=&run.prompt=true&ui.backURL=%2fibmcognos%2fcgi-bin%2fcognosisapi.dll%3fb_action%3dxts.run%26m%3dportal%2fcc.xts%26m_folder%3di9E54C3A906EB486892B88FD0108413E8","modified":"November 27, 2014 9:37:42 AM"},{"report":"WM - Customer Concentration Risk - Top Relationship by Rating","link":"http://cognos.blackicepda.com/ibmcognos/cgi-bin/cognosisapi.dll?b_action=cognosViewer&ui.action=run&ui.object=%2fcontent%2ffolder%5b%40name%3d%27ERA%27%5d%2ffolder%5b%40name%3d%27Wholesale%20Credit%20Risk%27%5d%2ffolder%5b%40name%3d%27Management%27%5d%2freport%5b%40name%3d%27WM%20-%20Customer%20Concentration%20Risk%20-%20Top%20Relationship%20by%20Rating%27%5d&ui.name=WM%20-%20Customer%20Concentration%20Risk%20-%20Top%20Relationship%20by%20Rating&run.outputFormat=&run.prompt=true&ui.backURL=%2fibmcognos%2fcgi-bin%2fcognosisapi.dll%3fb_action%3dxts.run%26m%3dportal%2fcc.xts%26m_folder%3di9E54C3A906EB486892B88FD0108413E8","modified":"April 12, 2014 8:00:50 PM"},{"report":"WM - Wholesale Breakdown of Group Exposures","link":"http://cognos.blackicepda.com/ibmcognos/cgi-bin/cognosisapi.dll?b_action=cognosViewer&ui.action=run&ui.object=%2fcontent%2ffolder%5b%40name%3d%27ERA%27%5d%2ffolder%5b%40name%3d%27Wholesale%20Credit%20Risk%27%5d%2ffolder%5b%40name%3d%27Management%27%5d%2freport%5b%40name%3d%27WM%20-%20Wholesale%20Breakdown%20of%20Group%20Exposures%27%5d&ui.name=WM%20-%20Wholesale%20Breakdown%20of%20Group%20Exposures&run.outputFormat=&run.prompt=true&ui.backURL=%2fibmcognos%2fcgi-bin%2fcognosisapi.dll%3fb_action%3dxts.run%26m%3dportal%2fcc.xts%26m_folder%3di9E54C3A906EB486892B88FD0108413E8","modified":"May 25, 2014 9:40:54 AM"},{"report":"WM - Wholesale IS vs BC","link":"http://cognos.blackicepda.com/ibmcognos/cgi-bin/cognosisapi.dll?b_action=cognosViewer&ui.action=run&ui.object=%2fcontent%2ffolder%5b%40name%3d%27ERA%27%5d%2ffolder%5b%40name%3d%27Wholesale%20Credit%20Risk%27%5d%2ffolder%5b%40name%3d%27Management%27%5d%2freport%5b%40name%3d%27WM%20-%20Wholesale%20IS%20vs%20BC%27%5d&ui.name=WM%20-%20Wholesale%20IS%20vs%20BC&run.outputFormat=&run.prompt=true&ui.backURL=%2fibmcognos%2fcgi-bin%2fcognosisapi.dll%3fb_action%3dxts.run%26m%3dportal%2fcc.xts%26m_folder%3di9E54C3A906EB486892B88FD0108413E8","modified":"April 12, 2014 8:10:36 PM"},{"report":"WM - Wholesale Rating Migration","link":"http://cognos.blackicepda.com/ibmcognos/cgi-bin/cognosisapi.dll?b_action=cognosViewer&ui.action=run&ui.object=%2fcontent%2ffolder%5b%40name%3d%27ERA%27%5d%2ffolder%5b%40name%3d%27Wholesale%20Credit%20Risk%27%5d%2ffolder%5b%40name%3d%27Management%27%5d%2freport%5b%40name%3d%27WM%20-%20Wholesale%20Rating%20Migration%27%5d&ui.name=WM%20-%20Wholesale%20Rating%20Migration&run.outputFormat=&run.prompt=true&ui.backURL=%2fibmcognos%2fcgi-bin%2fcognosisapi.dll%3fb_action%3dxts.run%26m%3dportal%2fcc.xts%26m_folder%3di9E54C3A906EB486892B88FD0108413E8","modified":"May 31, 2014 6:46:19 PM"},{"report":"WM - Wholesale Recovery Profile","link":"http://cognos.blackicepda.com/ibmcognos/cgi-bin/cognosisapi.dll?b_action=cognosViewer&ui.action=run&ui.object=%2fcontent%2ffolder%5b%40name%3d%27ERA%27%5d%2ffolder%5b%40name%3d%27Wholesale%20Credit%20Risk%27%5d%2ffolder%5b%40name%3d%27Management%27%5d%2freport%5b%40name%3d%27WM%20-%20Wholesale%20Recovery%20Profile%27%5d&ui.name=WM%20-%20Wholesale%20Recovery%20Profile&run.outputFormat=&run.prompt=true&ui.backURL=%2fibmcognos%2fcgi-bin%2fcognosisapi.dll%3fb_action%3dxts.run%26m%3dportal%2fcc.xts%26m_folder%3di9E54C3A906EB486892B88FD0108413E8","modified":"July 24, 2014 8:19:47 AM"},{"report":"WM - Wholesale Vintage Analysis","link":"http://cognos.blackicepda.com/ibmcognos/cgi-bin/cognosisapi.dll?b_action=cognosViewer&ui.action=run&ui.object=%2fcontent%2ffolder%5b%40name%3d%27ERA%27%5d%2ffolder%5b%40name%3d%27Wholesale%20Credit%20Risk%27%5d%2ffolder%5b%40name%3d%27Management%27%5d%2freport%5b%40name%3d%27WM%20-%20Wholesale%20Vintage%20Analysis%27%5d&ui.name=WM%20-%20Wholesale%20Vintage%20Analysis&run.outputFormat=&run.prompt=true&ui.backURL=%2fibmcognos%2fcgi-bin%2fcognosisapi.dll%3fb_action%3dxts.run%26m%3dportal%2fcc.xts%26m_folder%3di9E54C3A906EB486892B88FD0108413E8","modified":"April 12, 2014 8:36:43 PM"},{"report":"WM - Wholesale Vintage Bad Debt Recovery","link":"http://cognos.blackicepda.com/ibmcognos/cgi-bin/cognosisapi.dll?b_action=cognosViewer&ui.action=run&ui.object=%2fcontent%2ffolder%5b%40name%3d%27ERA%27%5d%2ffolder%5b%40name%3d%27Wholesale%20Credit%20Risk%27%5d%2ffolder%5b%40name%3d%27Management%27%5d%2freport%5b%40name%3d%27WM%20-%20Wholesale%20Vintage%20Bad%20Debt%20Recovery%27%5d&ui.name=WM%20-%20Wholesale%20Vintage%20Bad%20Debt%20Recovery&run.outputFormat=&run.prompt=true&ui.backURL=%2fibmcognos%2fcgi-bin%2fcognosisapi.dll%3fb_action%3dxts.run%26m%3dportal%2fcc.xts%26m_folder%3di9E54C3A906EB486892B88FD0108413E8","modified":"April 12, 2014 8:38:23 PM"}]},{"directory":"Regulatory","content":[{"report":"WR - Credit Risk Weighted Assets - Corp - IRB - DD","link":"http://cognos.blackicepda.com/ibmcognos/cgi-bin/cognosisapi.dll?b_action=cognosViewer&ui.action=run&ui.object=%2fcontent%2ffolder%5b%40name%3d%27ERA%27%5d%2ffolder%5b%40name%3d%27Wholesale%20Credit%20Risk%27%5d%2ffolder%5b%40name%3d%27Regulatory%27%5d%2freport%5b%40name%3d%27WR%20-%20Credit%20Risk%20Weighted%20Assets%20-%20Corp%20-%20IRB%20-%20DD%27%5d&ui.name=WR%20-%20Credit%20Risk%20Weighted%20Assets%20-%20Corp%20-%20IRB%20-%20DD&run.outputFormat=&run.prompt=true&ui.backURL=%2fibmcognos%2fcgi-bin%2fcognosisapi.dll%3fb_action%3dxts.run%26m%3dportal%2fcc.xts%26m_folder%3di9CADB8496FF044DF8AB415FE4F5362A7","modified":"December 1, 2014 10:07:23 AM"},{"report":"WR - Credit Risk Weighted Assets - Corp - IRB - DD by PD Band","link":"http://cognos.blackicepda.com/ibmcognos/cgi-bin/cognosisapi.dll?b_action=cognosViewer&ui.action=run&ui.object=%2fcontent%2ffolder%5b%40name%3d%27ERA%27%5d%2ffolder%5b%40name%3d%27Wholesale%20Credit%20Risk%27%5d%2ffolder%5b%40name%3d%27Regulatory%27%5d%2freport%5b%40name%3d%27WR%20-%20Credit%20Risk%20Weighted%20Assets%20-%20Corp%20-%20IRB%20-%20DD%20by%20PD%20Band%27%5d&ui.name=WR%20-%20Credit%20Risk%20Weighted%20Assets%20-%20Corp%20-%20IRB%20-%20DD%20by%20PD%20Band&run.outputFormat=&run.prompt=true&ui.backURL=%2fibmcognos%2fcgi-bin%2fcognosisapi.dll%3fb_action%3dxts.run%26m%3dportal%2fcc.xts%26m_folder%3di9CADB8496FF044DF8AB415FE4F5362A7","modified":"November 27, 2014 9:40:41 AM"},{"report":"WR - Credit Risk Weighted Assets - Corp/Bank/PSE/Sovereign - IRB - non DD","link":"http://cognos.blackicepda.com/ibmcognos/cgi-bin/cognosisapi.dll?b_action=cognosViewer&ui.action=run&ui.object=%2fcontent%2ffolder%5b%40name%3d%27ERA%27%5d%2ffolder%5b%40name%3d%27Wholesale%20Credit%20Risk%27%5d%2ffolder%5b%40name%3d%27Regulatory%27%5d%2freport%5b%40name%3d%27WR%20-%20Credit%20Risk%20Weighted%20Assets%20-%20Corp%2fBank%2fPSE%2fSovereign%20-%20IRB%20-%20non%20DD%27%5d&ui.name=WR%20-%20Credit%20Risk%20Weighted%20Assets%20-%20Corp%2fBank%2fPSE%2fSovereign%20-%20IRB%20-%20non%20DD&run.outputFormat=&run.prompt=true&ui.backURL=%2fibmcognos%2fcgi-bin%2fcognosisapi.dll%3fb_action%3dxts.run%26m%3dportal%2fcc.xts%26m_folder%3di9CADB8496FF044DF8AB415FE4F5362A7","modified":"January 14, 2015 3:28:49 PM"},{"report":"WR - Credit Risk Weighted Assets - Corp/Bank/PSE/Sovereign - IRB - non DD by PD Band","link":"http://cognos.blackicepda.com/ibmcognos/cgi-bin/cognosisapi.dll?b_action=cognosViewer&ui.action=run&ui.object=%2fcontent%2ffolder%5b%40name%3d%27ERA%27%5d%2ffolder%5b%40name%3d%27Wholesale%20Credit%20Risk%27%5d%2ffolder%5b%40name%3d%27Regulatory%27%5d%2freport%5b%40name%3d%27WR%20-%20Credit%20Risk%20Weighted%20Assets%20-%20Corp%2fBank%2fPSE%2fSovereign%20-%20IRB%20-%20non%20DD%20by%20PD%20Band%27%5d&ui.name=WR%20-%20Credit%20Risk%20Weighted%20Assets%20-%20Corp%2fBank%2fPSE%2fSovereign%20-%20IRB%20-%20non%20DD%20by%20PD%20Band&run.outputFormat=&run.prompt=true&ui.backURL=%2fibmcognos%2fcgi-bin%2fcognosisapi.dll%3fb_action%3dxts.run%26m%3dportal%2fcc.xts%26m_folder%3di9CADB8496FF044DF8AB415FE4F5362A7","modified":"November 27, 2014 9:43:07 AM"},{"report":"WR - Credit Risk Weighted Assets - HVCRE - IRB - DD","link":"http://cognos.blackicepda.com/ibmcognos/cgi-bin/cognosisapi.dll?b_action=cognosViewer&ui.action=run&ui.object=%2fcontent%2ffolder%5b%40name%3d%27ERA%27%5d%2ffolder%5b%40name%3d%27Wholesale%20Credit%20Risk%27%5d%2ffolder%5b%40name%3d%27Regulatory%27%5d%2freport%5b%40name%3d%27WR%20-%20Credit%20Risk%20Weighted%20Assets%20-%20HVCRE%20-%20IRB%20-%20DD%27%5d&ui.name=WR%20-%20Credit%20Risk%20Weighted%20Assets%20-%20HVCRE%20-%20IRB%20-%20DD&run.outputFormat=&run.prompt=true&ui.backURL=%2fibmcognos%2fcgi-bin%2fcognosisapi.dll%3fb_action%3dxts.run%26m%3dportal%2fcc.xts%26m_folder%3di9CADB8496FF044DF8AB415FE4F5362A7","modified":"December 1, 2014 10:09:55 AM"},{"report":"WR - Credit Risk Weighted Assets - HVCRE - IRB - non DD","link":"http://cognos.blackicepda.com/ibmcognos/cgi-bin/cognosisapi.dll?b_action=cognosViewer&ui.action=run&ui.object=%2fcontent%2ffolder%5b%40name%3d%27ERA%27%5d%2ffolder%5b%40name%3d%27Wholesale%20Credit%20Risk%27%5d%2ffolder%5b%40name%3d%27Regulatory%27%5d%2freport%5b%40name%3d%27WR%20-%20Credit%20Risk%20Weighted%20Assets%20-%20HVCRE%20-%20IRB%20-%20non%20DD%27%5d&ui.name=WR%20-%20Credit%20Risk%20Weighted%20Assets%20-%20HVCRE%20-%20IRB%20-%20non%20DD&run.outputFormat=&run.prompt=true&ui.backURL=%2fibmcognos%2fcgi-bin%2fcognosisapi.dll%3fb_action%3dxts.run%26m%3dportal%2fcc.xts%26m_folder%3di9CADB8496FF044DF8AB415FE4F5362A7","modified":"December 1, 2014 10:11:00 AM"},{"report":"WR - Credit Risk Weighted Assets - SME Corporate - IRB - DD","link":"http://cognos.blackicepda.com/ibmcognos/cgi-bin/cognosisapi.dll?b_action=cognosViewer&ui.action=run&ui.object=%2fcontent%2ffolder%5b%40name%3d%27ERA%27%5d%2ffolder%5b%40name%3d%27Wholesale%20Credit%20Risk%27%5d%2ffolder%5b%40name%3d%27Regulatory%27%5d%2freport%5b%40name%3d%27WR%20-%20Credit%20Risk%20Weighted%20Assets%20-%20SME%20Corporate%20-%20IRB%20-%20DD%27%5d&ui.name=WR%20-%20Credit%20Risk%20Weighted%20Assets%20-%20SME%20Corporate%20-%20IRB%20-%20DD&run.outputFormat=&run.prompt=true&ui.backURL=%2fibmcognos%2fcgi-bin%2fcognosisapi.dll%3fb_action%3dxts.run%26m%3dportal%2fcc.xts%26m_folder%3di9CADB8496FF044DF8AB415FE4F5362A7","modified":"December 1, 2014 10:12:11 AM"},{"report":"WR - Credit Risk Weighted Assets - SME Corporate - IRB - non DD","link":"http://cognos.blackicepda.com/ibmcognos/cgi-bin/cognosisapi.dll?b_action=cognosViewer&ui.action=run&ui.object=%2fcontent%2ffolder%5b%40name%3d%27ERA%27%5d%2ffolder%5b%40name%3d%27Wholesale%20Credit%20Risk%27%5d%2ffolder%5b%40name%3d%27Regulatory%27%5d%2freport%5b%40name%3d%27WR%20-%20Credit%20Risk%20Weighted%20Assets%20-%20SME%20Corporate%20-%20IRB%20-%20non%20DD%27%5d&ui.name=WR%20-%20Credit%20Risk%20Weighted%20Assets%20-%20SME%20Corporate%20-%20IRB%20-%20non%20DD&run.outputFormat=&run.prompt=true&ui.backURL=%2fibmcognos%2fcgi-bin%2fcognosisapi.dll%3fb_action%3dxts.run%26m%3dportal%2fcc.xts%26m_folder%3di9CADB8496FF044DF8AB415FE4F5362A7","modified":"December 1, 2014 10:13:03 AM"},{"report":"WR - Credit Risk Weighted Assets - Specialized Lending non HVCRE - IRB - DD","link":"http://cognos.blackicepda.com/ibmcognos/cgi-bin/cognosisapi.dll?b_action=cognosViewer&ui.action=run&ui.object=%2fcontent%2ffolder%5b%40name%3d%27ERA%27%5d%2ffolder%5b%40name%3d%27Wholesale%20Credit%20Risk%27%5d%2ffolder%5b%40name%3d%27Regulatory%27%5d%2freport%5b%40name%3d%27WR%20-%20Credit%20Risk%20Weighted%20Assets%20-%20Specialized%20Lending%20non%20HVCRE%20-%20IRB%20-%20DD%27%5d&ui.name=WR%20-%20Credit%20Risk%20Weighted%20Assets%20-%20Specialized%20Lending%20non%20HVCRE%20-%20IRB%20-%20DD&run.outputFormat=&run.prompt=true&ui.backURL=%2fibmcognos%2fcgi-bin%2fcognosisapi.dll%3fb_action%3dxts.run%26m%3dportal%2fcc.xts%26m_folder%3di9CADB8496FF044DF8AB415FE4F5362A7","modified":"December 1, 2014 10:13:56 AM"},{"report":"WR - Credit Risk Weighted Assets - Specialized Lending non HVCRE - IRB - non DD","link":"http://cognos.blackicepda.com/ibmcognos/cgi-bin/cognosisapi.dll?b_action=cognosViewer&ui.action=run&ui.object=%2fcontent%2ffolder%5b%40name%3d%27ERA%27%5d%2ffolder%5b%40name%3d%27Wholesale%20Credit%20Risk%27%5d%2ffolder%5b%40name%3d%27Regulatory%27%5d%2freport%5b%40name%3d%27WR%20-%20Credit%20Risk%20Weighted%20Assets%20-%20Specialized%20Lending%20non%20HVCRE%20-%20IRB%20-%20non%20DD%27%5d&ui.name=WR%20-%20Credit%20Risk%20Weighted%20Assets%20-%20Specialized%20Lending%20non%20HVCRE%20-%20IRB%20-%20non%20DD&run.outputFormat=&run.prompt=true&ui.backURL=%2fibmcognos%2fcgi-bin%2fcognosisapi.dll%3fb_action%3dxts.run%26m%3dportal%2fcc.xts%26m_folder%3di9CADB8496FF044DF8AB415FE4F5362A7","modified":"December 1, 2014 10:14:52 AM"},{"report":"WR - Credit Risk Weighted Assets - Trading - IRB","link":"http://cognos.blackicepda.com/ibmcognos/cgi-bin/cognosisapi.dll?b_action=cognosViewer&ui.action=run&ui.object=%2fcontent%2ffolder%5b%40name%3d%27ERA%27%5d%2ffolder%5b%40name%3d%27Wholesale%20Credit%20Risk%27%5d%2ffolder%5b%40name%3d%27Regulatory%27%5d%2freport%5b%40name%3d%27WR%20-%20Credit%20Risk%20Weighted%20Assets%20-%20Trading%20-%20IRB%27%5d&ui.name=WR%20-%20Credit%20Risk%20Weighted%20Assets%20-%20Trading%20-%20IRB&run.outputFormat=&run.prompt=true&ui.backURL=%2fibmcognos%2fcgi-bin%2fcognosisapi.dll%3fb_action%3dxts.run%26m%3dportal%2fcc.xts%26m_folder%3di9CADB8496FF044DF8AB415FE4F5362A7","modified":"December 1, 2014 10:15:54 AM"},{"report":"WR - Standardized Approach - Credit Risk Weighted Assets - Corp/Bank/PSE/Sovereign/SMECO","link":"http://cognos.blackicepda.com/ibmcognos/cgi-bin/cognosisapi.dll?b_action=cognosViewer&ui.action=run&ui.object=%2fcontent%2ffolder%5b%40name%3d%27ERA%27%5d%2ffolder%5b%40name%3d%27Wholesale%20Credit%20Risk%27%5d%2ffolder%5b%40name%3d%27Regulatory%27%5d%2freport%5b%40name%3d%27WR%20-%20Standardized%20Approach%20-%20Credit%20Risk%20Weighted%20Assets%20-%20Corp%2fBank%2fPSE%2fSovereign%2fSMECO%27%5d&ui.name=WR%20-%20Standardized%20Approach%20-%20Credit%20Risk%20Weighted%20Assets%20-%20Corp%2fBank%2fPSE%2fSovereign%2fSMECO&run.outputFormat=&run.prompt=true&ui.backURL=%2fibmcognos%2fcgi-bin%2fcognosisapi.dll%3fb_action%3dxts.run%26m%3dportal%2fcc.xts%26m_folder%3di9CADB8496FF044DF8AB415FE4F5362A7","modified":"November 27, 2014 9:25:36 AM"},{"report":"WR - Standardized Approach - Credit Risk Weighted Assets - Equity","link":"http://cognos.blackicepda.com/ibmcognos/cgi-bin/cognosisapi.dll?b_action=cognosViewer&ui.action=run&ui.object=%2fcontent%2ffolder%5b%40name%3d%27ERA%27%5d%2ffolder%5b%40name%3d%27Wholesale%20Credit%20Risk%27%5d%2ffolder%5b%40name%3d%27Regulatory%27%5d%2freport%5b%40name%3d%27WR%20-%20Standardized%20Approach%20-%20Credit%20Risk%20Weighted%20Assets%20-%20Equity%27%5d&ui.name=WR%20-%20Standardized%20Approach%20-%20Credit%20Risk%20Weighted%20Assets%20-%20Equity&run.outputFormat=&run.prompt=true&ui.backURL=%2fibmcognos%2fcgi-bin%2fcognosisapi.dll%3fb_action%3dxts.run%26m%3dportal%2fcc.xts%26m_folder%3di9CADB8496FF044DF8AB415FE4F5362A7","modified":"November 27, 2014 9:32:25 AM"},{"report":"WR - Standardized Approach - Credit Risk Weighted Assets - Trading","link":"http://cognos.blackicepda.com/ibmcognos/cgi-bin/cognosisapi.dll?b_action=cognosViewer&ui.action=run&ui.object=%2fcontent%2ffolder%5b%40name%3d%27ERA%27%5d%2ffolder%5b%40name%3d%27Wholesale%20Credit%20Risk%27%5d%2ffolder%5b%40name%3d%27Regulatory%27%5d%2freport%5b%40name%3d%27WR%20-%20Standardized%20Approach%20-%20Credit%20Risk%20Weighted%20Assets%20-%20Trading%27%5d&ui.name=WR%20-%20Standardized%20Approach%20-%20Credit%20Risk%20Weighted%20Assets%20-%20Trading&run.outputFormat=&run.prompt=true&ui.backURL=%2fibmcognos%2fcgi-bin%2fcognosisapi.dll%3fb_action%3dxts.run%26m%3dportal%2fcc.xts%26m_folder%3di9CADB8496FF044DF8AB415FE4F5362A7","modified":"November 27, 2014 9:31:41 AM"},{"report":"WR - Standardized Equity","link":"http://cognos.blackicepda.com/ibmcognos/cgi-bin/cognosisapi.dll?b_action=cognosViewer&ui.action=run&ui.object=%2fcontent%2ffolder%5b%40name%3d%27ERA%27%5d%2ffolder%5b%40name%3d%27Wholesale%20Credit%20Risk%27%5d%2ffolder%5b%40name%3d%27Regulatory%27%5d%2freport%5b%40name%3d%27WR%20-%20Standardized%20Equity%27%5d&ui.name=WR%20-%20Standardized%20Equity&run.outputFormat=&run.prompt=true&ui.backURL=%2fibmcognos%2fcgi-bin%2fcognosisapi.dll%3fb_action%3dxts.run%26m%3dportal%2fcc.xts%26m_folder%3di9CADB8496FF044DF8AB415FE4F5362A7%26m_section%3d16%26m_pg_e%3d1","modified":"December 25, 2014 5:43:12 PM"},{"report":"WR - Summary of Risk-Weighted Assets","link":"http://cognos.blackicepda.com/ibmcognos/cgi-bin/cognosisapi.dll?b_action=cognosViewer&ui.action=run&ui.object=%2fcontent%2ffolder%5b%40name%3d%27ERA%27%5d%2ffolder%5b%40name%3d%27Wholesale%20Credit%20Risk%27%5d%2ffolder%5b%40name%3d%27Regulatory%27%5d%2freport%5b%40name%3d%27WR%20-%20Summary%20of%20Risk-Weighted%20Assets%27%5d&ui.name=WR%20-%20Summary%20of%20Risk-Weighted%20Assets&run.outputFormat=&run.prompt=true&ui.backURL=%2fibmcognos%2fcgi-bin%2fcognosisapi.dll%3fb_action%3dxts.run%26m%3dportal%2fcc.xts%26m_folder%3di9CADB8496FF044DF8AB415FE4F5362A7%26m_section%3d16%26m_pg_e%3d1","modified":"December 9, 2014 4:48:25 AM"}]}]}]